team,elo_rating,matches_played,last_match_date,confederation
Spain,2276.87,795,2026-10-06,UEFA
Argentina,2186.29,1079,2026-10-06,CONMEBOL
England,2121.12,1102,2026-10-06,UEFA
France,2107.26,947,2026-10-05,UEFA
Portugal,2043.91,704,2026-10-04,UEFA
Brazil,2019.64,1067,2026-10-03,CONMEBOL
Colombia,2007.14,646,2026-10-06,CONMEBOL
Netherlands,1997.82,887,2026-10-04,UEFA
Switzerland,1977.22,894,2026-10-06,UEFA
Morocco,1975.69,625,2026-10-04,CAF
Belgium,1969.82,863,2026-10-05,UEFA
Italy,1936.93,897,2026-10-05,UEFA
Germany,1932.55,1039,2026-10-04,UEFA
Japan,1924.51,797,2026-10-05,AFC
Norway,1913.2,882,2026-10-04,UEFA
Mexico,1905.1,1010,2026-10-06,CONCACAF
Uruguay,1887.89,979,2026-10-06,CONMEBOL
Croatia,1887.18,404,2026-10-06,UEFA
Ecuador,1874.42,598,2026-10-05,CONMEBOL
Denmark,1873.78,878,2026-10-04,UEFA
United States,1865.99,796,2026-10-06,CONCACAF
Austria,1865.27,868,2026-10-04,UEFA
Paraguay,1859.03,791,2026-10-02,CONMEBOL
Australia,1834.94,587,2026-09-29,AFC
Senegal,1830.3,645,2026-10-04,CAF
Russia,1829.89,753,2026-10-06,UEFA
Algeria,1824.96,621,2026-10-06,CAF
Canada,1819.79,477,2026-10-06,CONCACAF
Iran,1819.44,622,2026-09-29,AFC
Turkey,1813.98,654,2026-10-05,UEFA
Greece,1812.5,640,2026-10-04,UEFA
South Korea,1805.83,1004,2026-10-06,AFC
Sweden,1803.29,1109,2026-10-05,UEFA
Yugoslavia,1803.0,483,1992-03-25,Other / Non-FIFA
Ivory Coast,1799.05,643,2026-10-03,CAF
Egypt,1795.17,768,2026-10-04,CAF
Nigeria,1794.96,665,2026-10-06,CAF
Basque Country,1784.7,64,2025-11-15,Other / Non-FIFA
Venezuela,1775.93,463,2026-10-06,CONMEBOL
Chile,1772.3,838,2026-10-06,CONMEBOL
Hungary,1772.3,1010,2026-10-05,UEFA
Ukraine,1771.97,342,2026-10-05,UEFA
Jersey,1758.42,235,2025-07-18,Other / Non-FIFA
Czechoslovakia,1751.95,520,1993-11-17,Other / Non-FIFA
Slovenia,1750.09,321,2026-10-06,UEFA
Scotland,1739.27,858,2026-10-06,UEFA
Poland,1729.25,895,2026-10-05,UEFA
Republic of Ireland,1728.11,637,2026-10-04,UEFA
Serbia,1727.23,352,2026-10-04,UEFA
Cameroon,1724.79,619,2026-10-03,CAF
DR Congo,1721.22,532,2026-10-05,CAF
Saudi Arabia,1713.94,749,2026-10-06,AFC
German DR,1713.17,298,1990-09-12,Other / Non-FIFA
Kosovo,1713.14,110,2026-10-04,UEFA
Uzbekistan,1712.89,363,2026-10-06,AFC
Wales,1712.02,730,2026-10-04,UEFA
Peru,1708.33,718,2026-10-06,CONMEBOL
Slovakia,1708.16,374,2026-10-06,UEFA
South Africa,1707.78,488,2026-10-04,CAF
Czech Republic,1704.52,367,2026-10-06,UEFA
Guernsey,1704.19,240,2023-07-13,Other / Non-FIFA
Mali,1700.69,572,2026-10-04,CAF
Bosnia and Herzegovina,1693.3,291,2026-10-05,UEFA
Panama,1690.98,545,2026-10-05,CONCACAF
Costa Rica,1680.56,727,2026-10-04,CONCACAF
Northern Cyprus,1677.34,39,2026-06-06,Other / Non-FIFA
Northern Ireland,1675.43,711,2026-10-05,UEFA
Catalonia,1671.26,48,2019-03-25,Other / Non-FIFA
Jordan,1661.93,495,2026-10-06,AFC
Isle of Man,1659.89,58,2025-07-18,Other / Non-FIFA
Georgia,1656.41,312,2026-10-05,UEFA
United Arab Emirates,1654.97,617,2026-10-06,AFC
Iraq,1654.13,665,2026-09-29,AFC
Occitania,1643.6,33,2014-12-30,Other / Non-FIFA
New Zealand,1642.59,423,2026-10-05,OFC
Israel,1641.92,502,2026-10-04,UEFA
Bolivia,1639.76,537,2026-10-01,CONMEBOL
Padania,1637.98,48,2026-06-06,Other / Non-FIFA
Ynys Môn,1634.49,67,2025-07-17,Other / Non-FIFA
Jamaica,1629.92,668,2026-10-05,CONCACAF
Haiti,1629.82,517,2026-10-04,CONCACAF
Albania,1626.91,402,2026-10-06,UEFA
Cape Verde,1625.93,241,2026-09-29,CAF
Burkina Faso,1625.92,467,2026-10-03,CAF
Tunisia,1624.01,683,2026-09-28,CAF
Isle of Wight,1623.92,48,2023-07-13,Other / Non-FIFA
Iceland,1622.85,526,2026-10-06,UEFA
Romania,1622.69,772,2026-10-05,UEFA
Honduras,1615.27,624,2026-10-05,CONCACAF
Ghana,1604.49,677,2026-09-29,CAF
Andalusia,1603.86,13,2013-06-07,Other / Non-FIFA
Guatemala,1599.6,558,2026-10-05,CONCACAF
Iraqi Kurdistan,1599.48,27,2016-06-04,Other / Non-FIFA
Abkhazia,1596.32,33,2019-06-08,Other / Non-FIFA
Kernow,1594.6,12,2023-07-16,Other / Non-FIFA
Angola,1589.75,417,2026-10-06,CAF
Qatar,1584.9,643,2026-10-03,AFC
Finland,1579.77,822,2026-10-06,UEFA
Curaçao,1578.1,392,2026-10-04,CONCACAF
North Macedonia,1577.09,310,2026-10-06,UEFA
Palestine,1572.76,260,2026-10-02,AFC
Belarus,1572.57,320,2026-10-06,UEFA
Oman,1568.0,551,2026-10-03,AFC
Rhodes,1567.9,18,2011-06-27,Other / Non-FIFA
Kárpátalja,1566.45,11,2018-06-09,Other / Non-FIFA
Réunion,1565.51,124,2023-09-02,Other / Non-FIFA
County of Nice,1564.79,9,2015-06-21,Other / Non-FIFA
Suriname,1562.73,403,2026-10-05,CONCACAF
Montenegro,1562.36,174,2026-10-05,UEFA
Tamil Eelam,1558.08,28,2025-07-04,Other / Non-FIFA
Ellan Vannin,1557.56,22,2018-06-03,Other / Non-FIFA
Corsica,1556.6,9,2017-05-26,Other / Non-FIFA
Yorkshire,1554.02,7,2019-06-01,Other / Non-FIFA
Panjab,1549.29,19,2019-12-29,Other / Non-FIFA
Syria,1549.18,488,2026-10-01,AFC
Kurdistan,1547.05,5,2013-06-28,Other / Non-FIFA
Guinea,1542.98,541,2026-10-01,CAF
Artsakh,1542.55,11,2019-06-08,Other / Non-FIFA
Uganda,1540.61,689,2026-10-05,CAF
Menorca,1538.04,25,2023-07-13,Other / Non-FIFA
Gambia,1537.55,268,2026-09-29,CAF
Zambia,1536.44,795,2026-09-29,CAF
Galicia,1536.44,12,2024-05-21,Other / Non-FIFA
Arameans Suryoye,1532.34,10,2014-06-08,Other / Non-FIFA
Cascadia,1531.5,7,2019-05-25,Other / Non-FIFA
Vietnam,1529.29,311,2026-10-05,AFC
Benin,1528.26,328,2026-10-06,CAF
Thailand,1526.84,881,2026-10-05,AFC
Maule Sur,1524.96,2,2022-06-19,Other / Non-FIFA
Chameria,1523.77,7,2023-07-01,Other / Non-FIFA
Elba Island,1518.37,2,2022-07-16,Other / Non-FIFA
Asturias,1518.17,1,1923-02-25,Other / Non-FIFA
Brittany,1515.73,12,2013-05-28,Other / Non-FIFA
Gabon,1515.46,407,2026-09-29,CAF
Quebec,1515.31,3,2013-06-27,Other / Non-FIFA
Surrey,1515.06,1,2018-05-06,Other / Non-FIFA
Canary Islands,1515.06,4,2007-12-29,Other / Non-FIFA
Parishes of Jersey,1514.05,3,2019-06-02,Other / Non-FIFA
Biafra,1513.53,3,2022-05-25,Other / Non-FIFA
New Caledonia,1513.04,269,2026-09-30,OFC
Donetsk PR,1510.16,6,2017-08-31,Other / Non-FIFA
Bulgaria,1510.11,740,2026-10-06,UEFA
Silesia,1507.16,8,2006-12-09,Other / Non-FIFA
Libya,1507.15,387,2026-09-29,CAF
Crimea,1506.51,5,2006-11-25,Other / Non-FIFA
Felvidék,1503.18,12,2017-06-09,Other / Non-FIFA
Malaysia,1502.75,846,2026-10-05,AFC
United Koreans in Japan,1502.75,12,2018-06-09,Other / Non-FIFA
Mapuche,1502.31,2,2022-06-18,Other / Non-FIFA
Sealand,1500.97,12,2014-08-10,Other / Non-FIFA
Zanzibar,1500.89,209,2025-01-13,Other / Non-FIFA
Franconia,1498.53,3,2019-06-25,Other / Non-FIFA
Central Spain,1498.42,2,1923-11-25,Other / Non-FIFA
Délvidék,1498.23,2,2016-08-03,Other / Non-FIFA
Tahiti,1497.29,244,2026-10-01,OFC
Saugeais,1496.93,1,2013-06-29,Other / Non-FIFA
Mozambique,1496.54,377,2026-09-29,CAF
Matabeleland,1493.85,8,2022-05-25,Other / Non-FIFA
Western Armenia,1493.62,16,2019-06-09,Other / Non-FIFA
Indonesia,1493.21,735,2026-10-05,AFC
China,1489.47,709,2026-10-06,AFC
Madrid,1488.57,1,2013-06-07,Other / Non-FIFA
Cilento,1488.32,1,2011-12-29,Other / Non-FIFA
Rwanda,1487.49,283,2026-10-05,CAF
Luhansk PR,1487.0,6,2019-12-08,Other / Non-FIFA
Yoruba Nation,1486.32,2,2022-05-23,Other / Non-FIFA
Dominican Republic,1485.48,163,2026-10-04,CONCACAF
Åland Islands,1485.37,51,2023-07-13,Other / Non-FIFA
Shetland,1485.04,58,2025-07-17,Other / Non-FIFA
Guyana,1485.02,317,2026-10-04,CONCACAF
Seborga,1484.6,1,2014-08-10,Other / Non-FIFA
Comoros,1482.13,154,2026-10-04,CAF
Somaliland,1481.85,6,2019-05-04,Other / Non-FIFA
Székely Land,1481.25,27,2023-07-02,Other / Non-FIFA
Republic of St. Pauli,1480.77,4,2006-06-03,Other / Non-FIFA
Trinidad and Tobago,1480.0,757,2026-10-04,CONCACAF
Ryūkyū,1479.44,1,2016-11-26,Other / Non-FIFA
Bahrain,1479.25,587,2026-09-30,AFC
Togo,1479.17,449,2026-09-29,CAF
West Papua,1478.01,2,2022-11-13,Other / Non-FIFA
Hmong,1477.34,3,2023-08-08,Other / Non-FIFA
South Yemen,1476.8,3,1982-11-25,Other / Non-FIFA
Madagascar,1476.68,322,2026-09-29,CAF
East Turkestan,1476.62,5,2025-07-04,Other / Non-FIFA
South Ossetia,1475.63,17,2019-12-08,Other / Non-FIFA
Gozo,1475.32,14,2025-07-17,Other / Non-FIFA
Estonia,1475.13,554,2026-10-06,UEFA
North Korea,1474.58,388,2025-06-10,AFC
El Salvador,1473.5,618,2026-10-05,CONCACAF
Rouet-Provence,1473.02,3,2026-06-06,Other / Non-FIFA
Aymara,1472.72,2,2022-06-19,Other / Non-FIFA
North Vietnam,1472.27,24,1970-09-20,Other / Non-FIFA
Greenland,1470.52,80,2026-06-06,Other / Non-FIFA
Kabylia,1469.82,6,2018-06-09,Other / Non-FIFA
Martinique,1469.67,335,2026-10-05,Other / Non-FIFA
Niue,1469.11,2,1983-08-22,OFC
Romani people,1467.51,7,2016-05-16,Other / Non-FIFA
Fiji,1466.69,273,2026-10-03,OFC
Chechnya,1464.35,3,2006-02-18,Other / Non-FIFA
Monaco,1463.52,24,2017-04-29,UEFA
Sápmi,1462.6,31,2023-07-16,Other / Non-FIFA
Guadeloupe,1461.74,275,2026-10-05,Other / Non-FIFA
Zimbabwe,1457.2,498,2026-09-28,CAF
Kenya,1454.04,709,2026-10-05,CAF
Vanuatu,1453.85,222,2026-10-03,OFC
Găgăuzia,1453.82,3,2006-11-21,Other / Non-FIFA
Kyrgyzstan,1452.35,193,2026-10-04,AFC
Sudan,1451.96,471,2026-09-29,CAF
Kuwait,1451.83,687,2026-09-29,AFC
French Guiana,1451.79,183,2026-10-06,Other / Non-FIFA
Western Isles,1451.16,34,2025-07-17,Other / Non-FIFA
Equatorial Guinea,1450.95,181,2026-09-28,CAF
Provence,1450.8,23,2013-06-28,Other / Non-FIFA
Saarland,1449.69,9,1956-06-06,Other / Non-FIFA
Mauritania,1449.46,275,2026-09-29,CAF
Gotland,1448.64,30,2017-06-29,Other / Non-FIFA
Kazakhstan,1445.88,273,2026-10-06,UEFA
Palau,1445.46,2,1998-08-01,Other / Non-FIFA
Papua New Guinea,1445.44,159,2026-09-30,OFC
Marshall Islands,1445.33,2,2025-08-16,AFC
Niger,1444.43,263,2026-10-06,CAF
Manchukuo,1442.73,3,1942-08-09,Other / Non-FIFA
Western Sahara,1442.09,9,2013-06-28,Other / Non-FIFA
Canton Ticino,1439.32,5,2026-06-06,Other / Non-FIFA
Mayotte,1437.59,38,2023-08-26,Other / Non-FIFA
Luxembourg,1435.83,471,2026-10-06,UEFA
Two Sicilies,1435.61,6,2023-07-02,Other / Non-FIFA
Tajikistan,1433.78,207,2026-10-06,AFC
Faroe Islands,1432.34,291,2026-10-06,UEFA
Solomon Islands,1430.73,218,2026-09-30,OFC
Ambazonia,1424.78,6,2007-06-07,Other / Non-FIFA
Armenia,1424.67,276,2026-10-05,UEFA
Sark,1423.78,4,2003-07-03,Other / Non-FIFA
Saint Vincent and the Grenadines,1422.29,240,2026-10-06,CONCACAF
Azerbaijan,1422.25,314,2026-10-04,UEFA
Nicaragua,1420.26,226,2026-10-04,CONCACAF
Saint Barthélemy,1419.6,10,2023-03-10,Other / Non-FIFA
Orkney,1419.45,28,2025-07-17,Other / Non-FIFA
Burundi,1418.62,226,2026-09-29,CAF
Malawi,1418.01,646,2026-10-06,CAF
Cuba,1416.16,401,2026-10-05,CONCACAF
Vatican City,1415.89,8,2022-04-22,Other / Non-FIFA
Guinea-Bissau,1415.85,192,2026-09-29,CAF
Lebanon,1415.61,339,2026-10-04,AFC
Cyprus,1414.59,429,2026-10-05,UEFA
Western Australia,1413.67,32,1980-11-25,Other / Non-FIFA
Namibia,1410.94,282,2026-10-03,CAF
Sierra Leone,1408.37,303,2026-09-28,CAF
Barawa,1407.05,12,2019-05-25,Other / Non-FIFA
Botswana,1405.2,334,2026-09-28,CAF
Micronesia,1403.22,7,2003-07-07,Other / Non-FIFA
Ethiopia,1397.6,413,2026-09-29,CAF
Saint Helena,1394.05,8,2023-07-13,Other / Non-FIFA
Raetia,1393.28,29,2026-06-06,Other / Non-FIFA
Chagos Islands,1388.91,16,2019-12-29,Other / Non-FIFA
Tanzania,1387.85,601,2026-09-29,CAF
Malta,1387.31,462,2026-10-04,UEFA
Turkmenistan,1384.57,175,2025-11-18,AFC
Liberia,1383.96,304,2026-09-29,CAF
Vietnam Republic,1383.9,195,1975-03-23,Other / Non-FIFA
Darfur,1383.5,7,2014-06-07,Other / Non-FIFA
Hitra,1382.75,23,2025-07-17,Other / Non-FIFA
Yemen DPR,1381.22,25,1989-11-05,Other / Non-FIFA
Saint Pierre and Miquelon,1374.34,7,2012-09-28,Other / Non-FIFA
Puerto Rico,1368.61,167,2026-10-04,CONCACAF
Lesotho,1364.76,300,2026-09-29,CAF
Saare County,1353.14,35,2017-06-29,Other / Non-FIFA
Moldova,1352.55,304,2026-10-06,UEFA
Lithuania,1347.84,434,2026-10-04,UEFA
Kiribati,1347.13,11,2011-09-05,OFC
Central African Republic,1342.37,140,2026-09-28,CAF
Saint Kitts and Nevis,1341.52,230,2026-10-05,CONCACAF
Wallis Islands and Futuna,1340.69,24,1995-08-20,Other / Non-FIFA
Singapore,1340.51,706,2026-10-01,AFC
Congo,1340.36,408,2026-09-29,CAF
Hong Kong,1335.48,450,2026-10-03,AFC
Philippines,1325.23,350,2026-10-02,AFC
Saint Lucia,1320.9,234,2026-10-05,CONCACAF
Yemen,1319.28,269,2026-09-30,AFC
Latvia,1316.95,465,2026-10-05,UEFA
Tibet,1313.58,21,2025-07-03,Other / Non-FIFA
Montserrat,1313.4,70,2026-10-06,CONCACAF
Bermuda,1308.33,202,2026-10-05,CONCACAF
Samoa,1301.62,71,2024-11-18,OFC
Saint Martin,1297.89,72,2026-10-06,Other / Non-FIFA
Tuvalu,1293.13,39,2023-11-30,OFC
India,1291.11,540,2026-10-06,AFC
Belize,1286.57,125,2026-10-06,CONCACAF
Falkland Islands,1283.99,33,2023-07-13,Other / Non-FIFA
Sint Maarten,1283.39,64,2026-10-06,CONCACAF
Eritrea,1283.22,75,2026-09-30,CAF
Frøya,1269.6,37,2025-07-17,Other / Non-FIFA
Grenada,1269.26,264,2026-10-05,CONCACAF
Eswatini,1266.0,276,2026-03-31,CAF
South Sudan,1253.1,82,2026-09-29,CAF
Cook Islands,1251.79,55,2026-10-01,OFC
Barbados,1251.64,306,2026-10-05,CONCACAF
Aruba,1244.65,156,2026-10-06,CONCACAF
Chad,1234.35,140,2026-03-31,CAF
Antigua and Barbuda,1220.37,235,2026-10-06,CONCACAF
Bonaire,1213.23,48,2026-10-05,Other / Non-FIFA
Gibraltar,1211.43,163,2026-10-05,UEFA
Afghanistan,1208.26,147,2026-06-10,AFC
Mauritius,1199.19,331,2026-10-05,CAF
Dominica,1197.9,220,2026-10-04,CONCACAF
Myanmar,1190.17,520,2026-09-27,AFC
São Tomé and Príncipe,1188.49,74,2026-09-23,CAF
Tonga,1169.6,68,2024-09-09,OFC
Nepal,1158.49,274,2025-11-18,AFC
Bangladesh,1156.34,317,2026-10-01,AFC
Turks and Caicos Islands,1146.95,56,2026-10-06,CONCACAF
Andorra,1146.12,233,2026-10-04,UEFA
Taiwan,1142.29,246,2025-11-18,AFC
Cayman Islands,1130.24,123,2026-10-04,CONCACAF
Alderney,1128.69,135,2022-04-23,Other / Non-FIFA
Pakistan,1127.18,258,2026-10-02,AFC
Cambodia,1126.65,304,2026-10-03,AFC
Djibouti,1115.21,113,2026-03-29,CAF
Sri Lanka,1106.4,258,2026-10-05,AFC
Northern Mariana Islands,1105.55,30,2024-04-07,AFC
Somalia,1104.62,128,2026-09-29,CAF
United States Virgin Islands,1099.61,81,2026-10-01,CONCACAF
American Samoa,1077.94,55,2026-03-28,OFC
Maldives,1064.78,236,2026-10-01,AFC
British Virgin Islands,1063.12,127,2026-10-04,CONCACAF
Mongolia,1061.89,106,2026-06-05,AFC
Guam,1057.11,123,2026-06-06,AFC
Bahamas,1052.98,70,2026-10-06,CONCACAF
Liechtenstein,1039.05,263,2026-10-05,UEFA
Seychelles,1026.97,183,2026-09-30,CAF
Laos,1004.01,232,2026-09-27,AFC
Anguilla,976.99,96,2026-10-04,CONCACAF
Brunei,965.74,139,2026-09-30,AFC
San Marino,957.41,229,2026-10-06,UEFA
Timor-Leste,955.86,92,2026-09-30,AFC
Macau,933.61,148,2026-03-29,AFC
Bhutan,933.59,110,2026-06-04,AFC
