match_date,match_time,league,home_team,away_team,home_elo,away_elo,p_home,p_draw,p_away,best_home_odds,best_draw_odds,best_away_odds,edge_home,edge_draw,edge_away,value_outcome,value_edge,value_odds,value_p_model,value_bookmaker,model
2026-10-10,11:30,Premier League,Arsenal,Leeds United,1985.3,1734.2,0.7732,0.0901,0.1367,1.44,5.5,9.2,0.0788,-0.0917,0.028,H,0.0788,1.44,0.7732,1xBet,elo
2026-10-10,14:00,Premier League,Aston Villa,Brentford,1836.0,1774.1,0.5202,0.2066,0.2732,2.76,3.65,2.79,0.1579,-0.0674,-0.0853,H,0.1579,2.76,0.5202,Betfair,elo
2026-10-10,14:00,Premier League,Chelsea,Bournemouth,1778.2,1818.3,0.3645,0.2914,0.3441,1.79,4.3,4.7,-0.1942,0.0588,0.1314,A,0.1314,4.7,0.3441,Betfair,elo
2026-10-10,14:00,Premier League,Sunderland,Brighton and Hove Albion,1664.1,1784.2,0.3042,0.2403,0.4555,3.1,3.57,2.46,-0.0184,-0.0399,0.049,,,,,,elo
2026-10-10,14:00,Premier League,Ipswich Town,Fulham,1584.8,1750.3,0.2704,0.2038,0.5258,2.84,3.65,2.63,-0.0817,-0.0702,0.1455,A,0.1455,2.63,0.5258,1xBet,elo
2026-10-10,16:30,Premier League,Manchester United,Tottenham Hotspur,1855.0,1681.2,0.6823,0.1297,0.1881,1.79,4.31,4.67,0.1236,-0.1024,-0.0261,H,0.1236,1.79,0.6823,Betfair,elo
2026-10-11,13:00,Premier League,Crystal Palace,Nottingham Forest,1734.7,1749.2,0.4023,0.2695,0.3281,2.76,3.47,2.82,0.04,-0.0187,-0.0265,,,,,,elo
2026-10-11,13:00,Premier League,Hull City,Everton,1474.6,1737.8,0.1958,0.136,0.6681,3.9,3.54,2.16,-0.0606,-0.1465,0.2052,A,0.2052,2.16,0.6681,Betfair,elo
2026-10-11,15:30,Premier League,Liverpool,Manchester City,1866.2,1965.9,0.3186,0.2574,0.424,2.72,3.9,2.61,-0.0491,0.001,0.0409,,,,,,elo
2026-10-12,19:00,Premier League,Coventry City,Newcastle United,1608.3,1767.0,0.2755,0.209,0.5154,3.48,3.75,2.24,-0.0118,-0.0576,0.069,A,0.069,2.24,0.5154,Betfair,elo
2026-10-17,11:30,Premier League,Everton,Chelsea,1737.8,1778.2,0.3639,0.2918,0.3444,2.98,3.87,2.38,0.0283,0.0334,-0.0758,,,,,,elo
2026-10-17,14:00,Premier League,Brentford,Liverpool,1774.1,1866.2,0.3237,0.2638,0.4125,2.88,3.9,2.5,-0.0235,0.0074,0.0125,,,,,,elo
2026-10-17,14:00,Premier League,Fulham,Hull City,1750.3,1474.6,0.7979,0.0798,0.1224,1.74,4.16,5.13,0.2232,-0.1606,-0.0726,H,0.2232,1.74,0.7979,Betfair,elo
2026-10-17,14:00,Premier League,Manchester City,Ipswich Town,1965.9,1584.8,0.8801,0.0463,0.0736,1.26,7.5,12.51,0.0864,-0.087,-0.0063,H,0.0864,1.26,0.8801,1xBet,elo
2026-10-17,16:30,Premier League,Newcastle United,Aston Villa,1767.0,1836.0,0.3387,0.2836,0.3777,2.18,3.88,3.4,-0.1201,0.0259,0.0836,A,0.0836,3.4,0.3777,Tipico,elo
2026-10-18,13:00,Premier League,Bournemouth,Sunderland,1818.3,1664.1,0.656,0.1415,0.2025,2.06,3.75,3.82,0.1705,-0.1251,-0.0593,H,0.1705,2.06,0.656,1xBet,elo
2026-10-18,13:00,Premier League,Brighton and Hove Albion,Crystal Palace,1784.2,1734.7,0.5012,0.2163,0.2825,1.65,4.62,5.7,-0.1049,-0.0001,0.1071,A,0.1071,5.7,0.2825,Nordic Bet,elo
2026-10-18,13:00,Premier League,Leeds United,Manchester United,1734.2,1855.0,0.3037,0.2397,0.4565,2.95,3.75,2.44,-0.0352,-0.027,0.0467,,,,,,elo
2026-10-18,15:30,Premier League,Nottingham Forest,Arsenal,1749.2,1985.3,0.2161,0.1531,0.6307,6.2,4.1,1.66,0.0548,-0.0908,0.0283,H,0.0548,6.2,0.2161,Betfair,elo
2026-10-19,19:00,Premier League,Tottenham Hotspur,Coventry City,1681.2,1608.3,0.5371,0.1981,0.2648,1.54,4.7,6.57,-0.1122,-0.0147,0.1125,A,0.1125,6.57,0.2648,1xBet,elo
2026-10-09,19:00,La Liga,Málaga,Espanyol,1500.0,1500.0,0.4245,0.2571,0.3184,2.78,3.4,2.83,0.0648,-0.037,-0.035,H,0.0648,2.78,0.4245,Betfair,elo
2026-10-10,12:00,La Liga,Rayo Vallecano,Athletic Bilbao,1718.6,1500.0,0.7375,0.1054,0.1571,3.15,3.54,2.46,0.42,-0.1771,-0.2494,H,0.42,3.15,0.7375,Betfair,elo
2026-10-10,14:15,La Liga,Alavés,Atlético Madrid,1500.0,1825.4,0.1527,0.102,0.7453,4.2,3.8,1.98,-0.0854,-0.1611,0.2402,A,0.2402,1.98,0.7453,1xBet,elo
2026-10-10,16:30,La Liga,Barcelona,Getafe,1987.1,1680.7,0.8256,0.0683,0.1061,1.08,20.0,49.0,-0.1003,0.0183,0.0857,A,0.0857,49.0,0.1061,1xBet,elo
2026-10-10,19:00,La Liga,Real Madrid,Villarreal,1951.0,1825.4,0.6158,0.1601,0.2241,1.35,6.5,9.5,-0.1249,0.0063,0.1188,A,0.1188,9.5,0.2241,Unibet (SE),elo
2026-10-11,12:00,La Liga,Elche CF,Celta Vigo,1642.9,1724.6,0.3306,0.2727,0.3967,2.93,3.33,2.68,-0.0107,-0.0276,0.0235,,,,,,elo
2026-10-11,14:15,La Liga,Real Sociedad,Deportivo La Coruña,1685.5,1500.0,0.6972,0.123,0.1798,1.81,3.94,5.0,0.1448,-0.1308,-0.0202,H,0.1448,1.81,0.6972,Unibet (SE),elo
2026-10-11,16:30,La Liga,Real Betis,CA Osasuna,1787.9,1660.1,0.6189,0.1586,0.2224,1.76,4.21,5.1,0.0507,-0.0789,0.0264,H,0.0507,1.76,0.6189,Unibet (SE),elo
2026-10-11,19:00,La Liga,Real Racing Club de Santander,Valencia,1620.8,1716.2,0.3215,0.261,0.4176,2.32,3.73,3.21,-0.1096,-0.0071,0.106,A,0.106,3.21,0.4176,1xBet,elo
2026-10-12,19:00,La Liga,Levante,Sevilla,1663.4,1643.7,0.4548,0.2406,0.3045,2.78,3.4,2.8,0.0951,-0.0535,-0.0526,H,0.0951,2.78,0.4548,Betfair,elo
2026-10-16,19:00,La Liga,Deportivo La Coruña,Levante,1500.0,1663.4,0.272,0.2054,0.5226,2.17,3.62,3.6,-0.1888,-0.0708,0.2448,A,0.2448,3.6,0.5226,Tipico,elo
2026-10-17,12:00,La Liga,Espanyol,Atlético Madrid,1500.0,1825.4,0.1527,0.102,0.7453,4.4,3.84,1.91,-0.0746,-0.1584,0.2217,A,0.2217,1.91,0.7453,1xBet,elo
2026-10-17,14:15,La Liga,Villarreal,Elche CF,1825.4,1642.9,0.6934,0.1247,0.1819,1.51,5.0,6.73,0.0312,-0.0753,0.0333,,,,,,elo
2026-10-17,16:30,La Liga,Real Betis,Barcelona,1787.9,1987.1,0.2444,0.1785,0.5771,5.8,5.7,1.53,0.072,0.0031,-0.0765,H,0.072,5.8,0.2444,1xBet,elo
2026-10-17,19:00,La Liga,Valencia,Athletic Bilbao,1716.2,1500.0,0.7347,0.1066,0.1587,3.62,3.58,2.18,0.4585,-0.1728,-0.3,H,0.4585,3.62,0.7347,1xBet,elo
2026-10-18,12:00,La Liga,CA Osasuna,Real Racing Club de Santander,1660.1,1620.8,0.4852,0.2245,0.2902,1.93,3.75,4.58,-0.0329,-0.0421,0.0719,A,0.0719,4.58,0.2902,Pinnacle,elo
2026-10-18,14:15,La Liga,Celta Vigo,Alavés,1724.6,1500.0,0.7443,0.1024,0.1532,2.08,3.58,3.95,0.2636,-0.1769,-0.0999,H,0.2636,2.08,0.7443,1xBet,elo
2026-10-18,16:30,La Liga,Málaga,Real Sociedad,1500.0,1685.5,0.2551,0.1886,0.5563,3.3,3.65,2.29,-0.048,-0.0854,0.1196,A,0.1196,2.29,0.5563,1xBet,elo
2026-10-18,19:00,La Liga,Real Madrid,Sevilla,1951.0,1643.7,0.8263,0.068,0.1057,1.3,7.0,12.5,0.057,-0.0748,0.0257,H,0.057,1.3,0.8263,1xBet,elo
2026-10-19,19:00,La Liga,Getafe,Rayo Vallecano,1680.7,1718.6,0.3676,0.2896,0.3429,2.76,3.3,2.96,0.0052,-0.0135,0.005,,,,,,elo
2026-10-10,13:00,Serie A,Genoa,Fiorentina,1664.5,1737.5,0.3361,0.2802,0.3837,3.25,3.48,2.45,0.0284,-0.0072,-0.0245,,,,,,elo
2026-10-10,16:00,Serie A,Inter Milan,Parma,1981.8,1659.1,0.839,0.0629,0.0982,1.16,9.8,21.0,-0.0231,-0.0392,0.0506,A,0.0506,21.0,0.0982,Unibet (SE),elo
2026-10-10,18:45,Serie A,Napoli,Frosinone,1879.3,1628.8,0.7727,0.0903,0.137,1.52,4.94,7.5,0.1148,-0.1121,0.0036,H,0.1148,1.52,0.7727,Betfair,elo
2026-10-11,10:30,Serie A,Como,AS Roma,1811.7,1859.0,0.3538,0.2977,0.3485,2.69,3.71,2.8,-0.018,0.0282,-0.0087,,,,,,elo
2026-10-11,13:00,Serie A,Lecce,Bologna,1618.3,1760.6,0.288,0.2221,0.4899,4.42,3.55,2.02,0.0617,-0.0596,-0.0051,H,0.0617,4.42,0.288,1xBet,elo
2026-10-11,13:00,Serie A,Lazio,Monza,1772.7,1594.4,0.688,0.1271,0.1849,1.72,4.0,5.7,0.1066,-0.1229,0.0095,H,0.1066,1.72,0.688,Betfair,elo
2026-10-11,16:00,Serie A,Sassuolo,AC Milan,1672.3,1822.9,0.2817,0.2155,0.5028,4.4,3.86,1.92,0.0545,-0.0436,-0.0181,H,0.0545,4.4,0.2817,Unibet (SE),elo
2026-10-11,18:45,Serie A,Cagliari,Juventus,1643.6,1858.9,0.232,0.1672,0.6008,7.2,4.12,1.61,0.0931,-0.0756,-0.0203,H,0.0931,7.2,0.232,Betfair,elo
2026-10-12,16:30,Serie A,Atalanta BC,Venezia,1817.8,1651.2,0.6728,0.1339,0.1933,1.67,4.35,5.7,0.074,-0.096,0.0178,H,0.074,1.67,0.6728,1xBet,elo
2026-10-12,18:45,Serie A,Torino,Udinese,1674.6,1687.4,0.405,0.268,0.327,2.43,3.46,3.2,-0.0065,-0.021,0.0145,,,,,,elo
2026-10-16,18:45,Serie A,Frosinone,Sassuolo,1628.8,1672.3,0.3594,0.2944,0.3462,2.55,3.75,2.96,-0.0327,0.0277,0.0084,,,,,,elo
2026-10-17,13:00,Serie A,Venezia,Napoli,1651.2,1879.3,0.2221,0.1583,0.6195,4.8,4.17,1.83,0.0138,-0.0815,0.0731,A,0.0731,1.83,0.6195,Unibet (NL),elo
2026-10-17,16:00,Serie A,Bologna,Inter Milan,1760.6,1981.8,0.2275,0.1631,0.6094,5.55,4.12,1.69,0.0473,-0.0796,0.0177,,,,,,elo
2026-10-17,18:45,Serie A,AS Roma,Genoa,1859.0,1664.5,0.7086,0.118,0.1734,1.32,6.0,11.5,-0.049,-0.0487,0.0865,A,0.0865,11.5,0.1734,Nordic Bet,elo
2026-10-18,10:30,Serie A,Udinese,Lecce,1687.4,1618.3,0.5314,0.201,0.2676,1.95,3.71,4.4,0.0186,-0.0686,0.0404,,,,,,elo
2026-10-18,13:00,Serie A,Fiorentina,Como,1737.5,1811.7,0.3354,0.2792,0.3854,3.7,3.85,2.12,0.0651,0.0194,-0.0863,H,0.0651,3.7,0.3354,Unibet (NL),elo
2026-10-18,16:00,Serie A,AC Milan,Atalanta BC,1822.9,1817.8,0.4323,0.2529,0.3149,1.95,3.79,4.35,-0.0806,-0.011,0.085,A,0.085,4.35,0.3149,Unibet (NL),elo
2026-10-18,18:45,Serie A,Juventus,Lazio,1858.9,1772.7,0.5575,0.188,0.2544,1.72,4.17,5.6,-0.0239,-0.0518,0.0759,A,0.0759,5.6,0.2544,Betfair,elo
2026-10-19,16:30,Serie A,Monza,Cagliari,1594.4,1643.6,0.3512,0.2993,0.3495,2.18,3.35,3.96,-0.1076,0.0008,0.097,A,0.097,3.96,0.3495,1xBet,elo
2026-10-19,18:45,Serie A,Parma,Torino,1659.1,1674.6,0.401,0.2703,0.3287,3.25,3.22,2.52,0.0933,-0.0403,-0.0681,H,0.0933,3.25,0.401,1xBet,elo
2026-10-09,18:30,Bundesliga,Borussia Dortmund,Werder Bremen,1907.0,1656.4,0.7728,0.0903,0.1369,1.4,5.77,8.8,0.0585,-0.083,0.0233,H,0.0585,1.4,0.7728,1xBet,elo
2026-10-10,13:30,Bundesliga,Augsburg,Bayern Munich,1702.8,2053.2,0.1371,0.0904,0.7725,12.5,8.4,1.24,0.0571,-0.0286,-0.034,H,0.0571,12.5,0.1371,Betsson,elo
2026-10-10,13:30,Bundesliga,FSV Mainz 05,Bayer Leverkusen,1734.5,1883.3,0.2831,0.2169,0.4999,3.02,4.0,2.31,-0.048,-0.0331,0.067,A,0.067,2.31,0.4999,1xBet,elo
2026-10-10,13:30,Bundesliga,Union Berlin,Elversberg,1673.5,1599.0,0.5395,0.1969,0.2636,2.35,3.96,3.07,0.114,-0.0556,-0.0622,H,0.114,2.35,0.5395,Unibet (NL),elo
2026-10-10,13:30,Bundesliga,TSG Hoffenheim,Hamburger SV,1765.7,1657.6,0.5902,0.1722,0.2376,1.49,5.6,7.0,-0.081,-0.0064,0.0947,A,0.0947,7.0,0.2376,Coolbet,elo
2026-10-10,13:30,Bundesliga,SC Paderborn,VfB Stuttgart,1599.3,1840.8,0.212,0.1496,0.6384,5.08,4.83,1.68,0.0152,-0.0574,0.0431,,,,,,elo
2026-10-10,16:30,Bundesliga,RB Leipzig,Eintracht Frankfurt,1839.8,1748.5,0.5652,0.1843,0.2505,1.58,5.25,5.4,-0.0678,-0.0062,0.0654,A,0.0654,5.4,0.2505,Unibet (SE),elo
2026-10-11,13:30,Bundesliga,1. FC Köln,Borussia Monchengladbach,1500.0,1692.2,0.2498,0.1836,0.5665,2.02,4.2,3.57,-0.2452,-0.0545,0.2864,A,0.2864,3.57,0.5665,1xBet,elo
2026-10-11,15:30,Bundesliga,SC Freiburg,FC Schalke 04,1747.7,1601.7,0.6448,0.1466,0.2086,1.69,4.4,5.6,0.0531,-0.0806,0.03,H,0.0531,1.69,0.6448,1xBet,elo
2026-10-16,18:30,Bundesliga,Eintracht Frankfurt,1. FC Köln,1748.5,1500.0,0.7705,0.0913,0.1382,2.0,4.3,3.52,0.2705,-0.1413,-0.1459,H,0.2705,2.0,0.7705,1xBet,elo
2026-10-17,13:30,Bundesliga,Elversberg,Augsburg,1599.0,1702.8,0.3157,0.2539,0.4304,2.52,4.1,2.75,-0.0811,0.01,0.0668,A,0.0668,2.75,0.4304,1xBet,elo
2026-10-17,13:30,Bundesliga,Union Berlin,Borussia Dortmund,1673.5,1907.0,0.218,0.1548,0.6272,4.67,4.51,1.73,0.0039,-0.067,0.0492,,,,,,elo
2026-10-17,13:30,Bundesliga,FC Schalke 04,FSV Mainz 05,1601.7,1734.5,0.295,0.2298,0.4753,3.16,3.75,2.34,-0.0215,-0.0369,0.0479,,,,,,elo
2026-10-17,13:30,Bundesliga,Hamburger SV,VfB Stuttgart,1657.6,1840.8,0.2569,0.1904,0.5528,3.92,4.4,1.97,0.0018,-0.0369,0.0451,,,,,,elo
2026-10-17,13:30,Bundesliga,Werder Bremen,SC Paderborn,1656.4,1599.3,0.5128,0.2103,0.2768,1.9,4.11,4.11,-0.0135,-0.033,0.0335,,,,,,elo
2026-10-17,16:30,Bundesliga,Bayern Munich,RB Leipzig,2053.2,1839.8,0.7314,0.108,0.1606,1.29,7.8,10.5,-0.0438,-0.0202,0.0653,A,0.0653,10.5,0.1606,Nordic Bet,elo
2026-10-18,13:30,Bundesliga,Bayer Leverkusen,SC Freiburg,1883.3,1747.7,0.6301,0.1534,0.2165,1.7,4.51,4.83,0.0418,-0.0683,0.0095,,,,,,elo
2026-10-18,15:30,Bundesliga,Borussia Monchengladbach,TSG Hoffenheim,1692.2,1765.7,0.3358,0.2798,0.3844,3.84,4.4,1.9,0.0754,0.0525,-0.1419,H,0.0754,3.84,0.3358,1xBet,elo
2026-10-09,18:45,Ligue 1,RC Lens,Lyon,1838.6,1804.7,0.4768,0.2289,0.2942,2.26,3.95,3.25,0.0344,-0.0242,-0.0135,,,,,,elo
2026-10-10,15:15,Ligue 1,Lille,Le Havre,1831.6,1638.5,0.7068,0.1188,0.1744,1.49,4.8,7.8,0.0357,-0.0896,0.0462,,,,,,elo
2026-10-10,18:45,Ligue 1,AS Monaco,Toulouse,1797.2,1715.0,0.5514,0.191,0.2576,1.77,4.3,4.9,-0.0136,-0.0415,0.0535,A,0.0535,4.9,0.2576,Nordic Bet,elo
2026-10-10,18:45,Ligue 1,Brest,Angers,1689.2,1611.8,0.544,0.1947,0.2613,1.96,3.94,4.0,0.0338,-0.0591,0.0113,,,,,,elo
2026-10-10,18:45,Ligue 1,Paris Saint Germain,Le Mans FC,1969.7,1542.0,0.906,0.0361,0.0579,1.12,14.5,28.0,0.0132,-0.0329,0.0222,,,,,,elo
2026-10-10,18:45,Ligue 1,Lorient,Paris FC,1699.2,1698.1,0.4262,0.2562,0.3176,3.18,3.6,2.43,0.1117,-0.0216,-0.0939,H,0.1117,3.18,0.4262,1xBet,elo
2026-10-11,13:00,Ligue 1,Nice,Strasbourg,1685.6,1772.9,0.3269,0.2679,0.4052,2.3,3.75,3.23,-0.1079,0.0012,0.0956,A,0.0956,3.23,0.4052,1xBet,elo
2026-10-11,15:15,Ligue 1,Rennes,Auxerre,1782.4,1674.9,0.5893,0.1726,0.2381,1.46,5.25,7.5,-0.0956,-0.0178,0.1047,A,0.1047,7.5,0.2381,LeoVegas (SE),elo
2026-10-11,18:45,Ligue 1,Troyes,Marseille,1576.9,1801.5,0.2249,0.1608,0.6144,3.9,4.03,1.97,-0.0316,-0.0874,0.1068,A,0.1068,1.97,0.6144,1xBet,elo
2026-10-16,18:45,Ligue 1,Le Mans FC,Toulouse,1542.0,1715.0,0.2647,0.198,0.5373,3.25,3.6,2.34,-0.043,-0.0797,0.1099,A,0.1099,2.34,0.5373,1xBet,elo
2026-10-17,15:15,Ligue 1,Strasbourg,Paris Saint Germain,1772.9,1969.7,0.2463,0.1803,0.5734,6.5,5.5,1.48,0.0925,-0.0015,-0.1023,H,0.0925,6.5,0.2463,Unibet (SE),elo
2026-10-17,18:45,Ligue 1,Lille,Brest,1831.6,1689.2,0.6396,0.149,0.2114,1.66,4.37,5.5,0.0372,-0.0798,0.0296,,,,,,elo
2026-10-17,18:45,Ligue 1,Troyes,RC Lens,1576.9,1838.6,0.1969,0.1369,0.6662,4.3,4.04,1.87,-0.0356,-0.1106,0.1314,A,0.1314,1.87,0.6662,1xBet,elo
2026-10-18,13:00,Ligue 1,Angers,Marseille,1611.8,1801.5,0.2518,0.1855,0.5626,3.21,3.8,2.28,-0.0597,-0.0776,0.124,A,0.124,2.28,0.5626,1xBet,elo
2026-10-18,15:15,Ligue 1,Lorient,AS Monaco,1699.2,1797.2,0.3197,0.2588,0.4214,3.65,3.58,2.17,0.0458,-0.0205,-0.0394,,,,,,elo
2026-10-18,15:15,Ligue 1,Le Havre,Auxerre,1638.5,1674.9,0.3697,0.2883,0.342,2.52,3.51,3.0,-0.0271,0.0034,0.0086,,,,,,elo
2026-10-18,15:15,Ligue 1,Paris FC,Rennes,1698.1,1782.4,0.3289,0.2705,0.4006,2.37,3.5,3.29,-0.0931,-0.0152,0.0967,A,0.0967,3.29,0.4006,1xBet,elo
2026-10-18,18:45,Ligue 1,Lyon,Nice,1804.7,1685.6,0.6063,0.1645,0.2291,1.71,4.2,5.25,0.0216,-0.0736,0.0386,,,,,,elo
2026-10-09,19:00,Championship,West Ham United,Queens Park Rangers,1694.1,1748.4,0.3475,0.2963,0.3561,1.56,4.6,6.6,-0.2935,0.0789,0.2046,A,0.2046,6.6,0.3561,Betfair,elo
2026-10-10,11:30,Championship,West Bromwich Albion,Birmingham City,1431.9,1448.5,0.3993,0.2712,0.3294,2.38,3.6,3.1,-0.0208,-0.0066,0.0069,,,,,,elo
2026-10-10,11:30,Championship,Charlton Athletic,Bristol City,1385.3,1449.9,0.3413,0.2874,0.3713,3.26,3.4,2.33,0.0346,-0.0067,-0.0579,,,,,,elo
2026-10-10,11:30,Championship,Swansea City,Norwich City,1477.4,1493.8,0.3996,0.2711,0.3293,2.65,3.6,2.75,0.0222,-0.0067,-0.0343,,,,,,elo
2026-10-10,14:00,Championship,Blackburn Rovers,Cardiff City,1423.0,1373.7,0.5007,0.2165,0.2827,2.72,3.75,2.55,0.1331,-0.0501,-0.1094,H,0.1331,2.72,0.5007,Nordic Bet,elo
2026-10-10,14:00,Championship,Bolton Wanderers,Stoke City,1277.5,1380.3,0.3165,0.2548,0.4288,2.62,3.6,2.77,-0.0652,-0.023,0.0677,A,0.0677,2.77,0.4288,Pinnacle,elo
2026-10-10,14:00,Championship,Watford,Burnley,1395.7,1593.1,0.2458,0.1798,0.5743,3.1,3.66,2.4,-0.0767,-0.0934,0.1576,A,0.1576,2.4,0.5743,Betfair,elo
2026-10-10,14:00,Championship,Derby County,Wrexham AFC,1471.4,1506.9,0.3711,0.2875,0.3414,2.8,3.5,2.67,0.014,0.0018,-0.0331,,,,,,elo
2026-10-10,14:00,Championship,Sheffield United,Lincoln City,1476.4,1500.0,0.3888,0.2772,0.3339,2.08,3.55,3.85,-0.0919,-0.0045,0.0742,A,0.0742,3.85,0.3339,LeoVegas (SE),elo
2026-10-10,14:00,Championship,Middlesbrough,Wolverhampton Wanderers,1524.5,1599.8,0.3347,0.2782,0.3871,2.21,3.9,3.21,-0.1178,0.0218,0.0756,A,0.0756,3.21,0.3871,Pinnacle,elo
2026-10-10,14:00,Championship,Preston North End,Millwall,1414.4,1555.2,0.2891,0.2234,0.4875,2.7,3.55,2.61,-0.0812,-0.0583,0.1044,A,0.1044,2.61,0.4875,Pinnacle,elo
2026-10-11,11:00,Championship,Southampton,Portsmouth,1575.9,1434.6,0.6382,0.1497,0.2121,1.66,4.4,5.75,0.0358,-0.0776,0.0382,,,,,,elo
