match_date,match_time,league,home_team,away_team,p_home_elo,p_draw_elo,p_away_elo,p_home_ensemble,p_draw_ensemble,p_away_ensemble,predicted_outcome,is_international
2026-10-07,22:30,Campeonato Brasileiro Série A,RB Bragantino,Mirassol,0.4308,0.2461,0.3231,0.4139,0.3238,0.2623,H,False
2026-10-07,22:30,Campeonato Brasileiro Série A,Clube do Remo,Grêmio FBPA,0.4308,0.2461,0.3231,0.4139,0.3238,0.2623,H,False
2026-10-07,22:30,Campeonato Brasileiro Série A,Inter,SC Corinthians Paulista,0.6646,0.1822,0.1532,0.7225,0.1957,0.0818,H,False
2026-10-07,23:00,Campeonato Brasileiro Série A,EC Vitória,Chapecoense AF,0.4308,0.2461,0.3231,0.4139,0.3238,0.2623,H,False
2026-10-07,23:30,Campeonato Brasileiro Série A,Botafogo FR,CR Vasco da Gama,0.4308,0.2461,0.3231,0.4139,0.3238,0.2623,H,False
2026-10-08,00:30,Campeonato Brasileiro Série A,Cruzeiro EC,São Paulo,0.4308,0.2461,0.3231,0.4139,0.3238,0.2623,H,False
2026-10-08,22:30,Campeonato Brasileiro Série A,Santos,CR Flamengo,0.4308,0.2461,0.3231,0.4139,0.3238,0.2623,H,False
2026-10-08,23:00,Campeonato Brasileiro Série A,CA Paranaense,CA Mineiro,0.4308,0.2461,0.3231,0.4139,0.3238,0.2623,H,False
2026-10-09,00:30,Campeonato Brasileiro Série A,Fluminense,Coritiba FBC,0.4308,0.2461,0.3231,0.4139,0.3238,0.2623,H,False
2026-10-09,00:30,Campeonato Brasileiro Série A,SE Palmeiras,EC Bahia,0.4308,0.2461,0.3231,0.4139,0.3238,0.2623,H,False
2026-10-09,17:45,Primeira Liga,Moreirense,Gil Vicente,0.4308,0.2461,0.3231,0.4139,0.3238,0.2623,H,False
2026-10-09,18:00,Eredivisie,PSV,SC Heerenveen,0.4308,0.2461,0.3231,0.4139,0.3238,0.2623,H,False
2026-10-09,18:30,Bundesliga,Dortmund,Werder Bremen,0.6825,0.1776,0.1399,0.7227,0.1754,0.1019,H,False
2026-10-09,18:45,Ligue 1,Lens,Lyon,0.4785,0.2323,0.2892,0.4976,0.2623,0.2401,H,False
2026-10-09,19:00,Primera Division,Málaga,Barcelona,0.1942,0.1966,0.6092,0.1899,0.1885,0.6217,A,False
2026-10-09,19:00,Championship,West Ham,Rangers,0.4,0.2552,0.3448,0.3885,0.2398,0.3717,H,False
2026-10-09,19:15,Primeira Liga,Sporting Clube de Braga,Sporting Clube de Portugal,0.4308,0.2461,0.3231,0.4139,0.3238,0.2623,H,False
2026-10-10,11:30,Premier League,Arsenal,Leeds,0.6363,0.1895,0.1743,0.7091,0.1878,0.1031,H,False
2026-10-10,11:30,Championship,Swansea,Norwich,0.4106,0.252,0.3374,0.4112,0.2768,0.312,H,False
2026-10-10,11:30,Championship,Charlton,Bristol City,0.3648,0.2638,0.3714,0.3649,0.2958,0.3393,H,False
2026-10-10,11:30,Championship,West Brom,Birmingham,0.3995,0.2553,0.3451,0.3923,0.3012,0.3065,H,False
2026-10-10,12:00,Primera Division,Vallecano,Athletic Club,0.4699,0.2348,0.2953,0.5648,0.2874,0.1478,H,False
2026-10-10,13:00,Serie A,Genoa,Fiorentina,0.3617,0.2625,0.3758,0.329,0.297,0.374,A,False
2026-10-10,13:30,Bundesliga,Mainz,Leverkusen,0.3115,0.2413,0.4473,0.2666,0.2237,0.5097,A,False
2026-10-10,13:30,Bundesliga,Hoffenheim,Hamburg,0.5131,0.2226,0.2643,0.5539,0.2524,0.1937,H,False
2026-10-10,13:30,Bundesliga,Union Berlin,Elversberg,0.4059,0.2534,0.3406,0.4974,0.2508,0.2519,H,False
2026-10-10,13:30,Bundesliga,Paderborn,Stuttgart,0.2902,0.2327,0.477,0.228,0.2142,0.5578,A,False
2026-10-10,13:30,Bundesliga,Augsburg,FC Bayern München,0.4149,0.2507,0.3343,0.5714,0.2703,0.1583,H,False
2026-10-10,14:00,Championship,Sheffield United,Lincoln,0.268,0.224,0.508,0.4225,0.2871,0.2904,H,False
2026-10-10,14:00,Championship,Middlesbrough,Wolverhampton Wanderers,0.3197,0.2446,0.4357,0.4708,0.2899,0.2392,H,False
2026-10-10,14:00,Championship,Derby,Wrexham,0.3548,0.2595,0.3857,0.4035,0.2868,0.3097,H,False
2026-10-10,14:00,Championship,Bolton,Stoke,0.3404,0.2533,0.4063,0.3125,0.3009,0.3866,A,False
2026-10-10,14:00,Premier League,Chelsea,Bournemouth,0.3645,0.2637,0.3719,0.4203,0.279,0.3007,H,False
2026-10-10,14:00,Premier League,Sunderland,Brighton,0.3753,0.2626,0.362,0.3149,0.2761,0.409,A,False
2026-10-10,14:00,Premier League,Ipswich,Fulham,0.3208,0.2451,0.434,0.2997,0.2505,0.4498,A,False
2026-10-10,14:00,Championship,Blackburn,Cardiff,0.4911,0.2288,0.2802,0.4596,0.2932,0.2473,H,False
2026-10-10,14:00,Championship,Watford,Burnley,0.2841,0.2303,0.4856,0.2871,0.2699,0.4429,A,False
2026-10-10,14:00,Premier League,Aston Villa,Brentford,0.4924,0.2284,0.2792,0.5129,0.2648,0.2223,H,False
2026-10-10,14:00,Championship,Preston,Millwall,0.2901,0.2327,0.4772,0.3022,0.2671,0.4307,A,False
2026-10-10,14:15,Primera Division,Deportivo Alavés,Club Atlético de Madrid,0.4308,0.2461,0.3231,0.4139,0.3238,0.2623,H,False
2026-10-10,14:30,Eredivisie,Go Ahead Eagles,Sparta Rotterdam,0.4308,0.2461,0.3231,0.4139,0.3238,0.2623,H,False
2026-10-10,14:30,Primeira Liga,Casa Pia AC,CD Santa Clara,0.4308,0.2461,0.3231,0.4139,0.3238,0.2623,H,False
2026-10-10,15:15,Ligue 1,Lille,Le Havre,0.6206,0.1936,0.1858,0.6264,0.2452,0.1284,H,False
2026-10-10,16:00,Serie A,Milan,Parma,0.5772,0.2051,0.2177,0.5929,0.2649,0.1422,H,False
2026-10-10,16:30,Premier League,Manchester,Tottenham,0.4703,0.2347,0.2951,0.2837,0.2797,0.4366,A,False
2026-10-10,16:30,Primera Division,Barcelona,Getafe,0.6545,0.1848,0.1608,0.7273,0.1902,0.0825,H,False
2026-10-10,16:30,Bundesliga,RB Leipzig,Eintracht Frankfurt,0.5547,0.2112,0.2342,0.6323,0.249,0.1188,H,False
2026-10-10,16:45,Eredivisie,Feyenoord Rotterdam,Lazio,0.4004,0.2551,0.3445,0.2415,0.2774,0.4811,A,False
2026-10-10,17:00,Primeira Liga,CS Marítimo,FC Porto,0.4308,0.2461,0.3231,0.4139,0.3238,0.2623,H,False
2026-10-10,18:00,Eredivisie,Fortuna Sittard,FC Twente '65,0.4308,0.2461,0.3231,0.4139,0.3238,0.2623,H,False
2026-10-10,18:45,Ligue 1,Brest,Angers,0.4929,0.2282,0.2788,0.5064,0.2829,0.2107,H,False
2026-10-10,18:45,Ligue 1,Paris Saint-Germain,Le Mans,0.4738,0.2337,0.2925,0.3884,0.314,0.2976,H,False
2026-10-10,18:45,Ligue 1,Lorient,Paris FC,0.4141,0.251,0.3349,0.4381,0.2787,0.2832,H,False
2026-10-10,18:45,Serie A,Napoli,Frosinone,0.5406,0.215,0.2444,0.6288,0.2473,0.1238,H,False
2026-10-10,18:45,Ligue 1,Monaco,Toulouse,0.5093,0.2236,0.267,0.5163,0.2723,0.2114,H,False
2026-10-10,19:00,Eredivisie,AFC Ajax,Annecy,0.5262,0.219,0.2548,0.4296,0.3046,0.2658,H,False
2026-10-10,19:00,Primera Division,Real Madrid,Villarreal,0.5481,0.2129,0.2389,0.5903,0.2485,0.1612,H,False
2026-10-10,19:30,Primeira Liga,Académico de Viseu,GD Estoril Praia,0.4308,0.2461,0.3231,0.4139,0.3238,0.2623,H,False
2026-10-10,20:00,Campeonato Brasileiro Série A,CR Vasco da Gama,Clube do Remo,0.4308,0.2461,0.3231,0.4139,0.3238,0.2623,H,False
2026-10-11,00:00,Campeonato Brasileiro Série A,São Paulo,EC Vitória,0.4308,0.2461,0.3231,0.4139,0.3238,0.2623,H,False
2026-10-11,10:15,Eredivisie,FC Utrecht,Willem II Tilburg,0.4308,0.2461,0.3231,0.4139,0.3238,0.2623,H,False
2026-10-11,10:30,Serie A,Como,Roma,0.4114,0.2518,0.3368,0.3656,0.3005,0.3339,H,False
2026-10-11,11:00,Championship,Southampton,Portsmouth,0.5725,0.2063,0.2211,0.6115,0.2334,0.1551,H,False
2026-10-11,12:00,Primera Division,Elche,Celta,0.3773,0.262,0.3607,0.3283,0.2836,0.3881,A,False
2026-10-11,12:30,Eredivisie,PEC Zwolle,SC Cambuur-Leeuwarden,0.4308,0.2461,0.3231,0.4139,0.3238,0.2623,H,False
2026-10-11,12:30,Eredivisie,Telstar 1963,ADO Den Haag,0.4308,0.2461,0.3231,0.4139,0.3238,0.2623,H,False
2026-10-11,13:00,Serie A,Lecce,Bologna,0.3113,0.2412,0.4474,0.2803,0.2748,0.4449,A,False
2026-10-11,13:00,Serie A,Lazio,Monza,0.5243,0.2195,0.2562,0.5838,0.2603,0.156,H,False
2026-10-11,13:00,Ligue 1,Nice,Strasbourg,0.3277,0.248,0.4244,0.3447,0.2563,0.399,A,False
2026-10-11,13:00,Premier League,Crystal Palace,Nottingham Forest,0.4485,0.2409,0.3106,0.5661,0.2886,0.1454,H,False
2026-10-11,13:00,Premier League,Hull,Everton,0.2578,0.2201,0.5221,0.2492,0.2325,0.5183,A,False
2026-10-11,13:30,Bundesliga,1. FC Köln,Borussia Mönchengladbach,0.4308,0.2461,0.3231,0.4132,0.3238,0.263,H,False
2026-10-11,14:15,Primera Division,Sociedad,RC Deportivo La Coruña,0.4172,0.2501,0.3327,0.5468,0.2802,0.173,H,False
2026-10-11,14:30,Primeira Liga,Rio Ave,CD Nacional,0.4308,0.2461,0.3231,0.4139,0.3238,0.2623,H,False
2026-10-11,14:45,Eredivisie,SBV Excelsior,FC Groningen,0.4308,0.2461,0.3231,0.4139,0.3238,0.2623,H,False
2026-10-11,15:15,Ligue 1,Stade Rennais FC 1901,Auxerre,0.438,0.244,0.318,0.2919,0.3045,0.4036,A,False
2026-10-11,15:30,Premier League,Liverpool,Manchester,0.5731,0.2062,0.2208,0.6384,0.2469,0.1147,H,False
2026-10-11,15:30,Bundesliga,Freiburg,Schalke 04,0.4826,0.2312,0.2863,0.5672,0.2567,0.1761,H,False
2026-10-11,16:00,Serie A,Sassuolo,Milan,0.3607,0.262,0.3773,0.2523,0.2488,0.4989,A,False
2026-10-11,16:30,Primera Division,Betis,Osasuna,0.5749,0.2057,0.2194,0.5816,0.25,0.1683,H,False
2026-10-11,17:00,Primeira Liga,Sport Lisboa e Benfica,Vitória,0.4308,0.2461,0.3231,0.4139,0.3238,0.2623,H,False
2026-10-11,18:45,Ligue 1,Troyes,Marseille,0.3068,0.2394,0.4538,0.2307,0.2324,0.5369,A,False
2026-10-11,18:45,Serie A,Cagliari,Juventus,0.2552,0.2191,0.5258,0.2401,0.2242,0.5357,A,False
2026-10-11,19:00,Campeonato Brasileiro Série A,CA Mineiro,Santos,0.4308,0.2461,0.3231,0.4139,0.3238,0.2623,H,False
2026-10-11,19:00,Primera Division,Santander,Valencia,0.4452,0.2419,0.3129,0.3713,0.2584,0.3703,H,False
2026-10-11,19:30,Primeira Liga,FC Arouca,CF Estrela da Amadora,0.4308,0.2461,0.3231,0.4139,0.3238,0.2623,H,False
2026-10-11,20:30,Campeonato Brasileiro Série A,CR Flamengo,Fluminense,0.4308,0.2461,0.3231,0.4139,0.3238,0.2623,H,False
2026-10-11,20:30,Campeonato Brasileiro Série A,SE Palmeiras,SC Corinthians Paulista,0.4308,0.2461,0.3231,0.4139,0.3238,0.2623,H,False
2026-10-11,20:30,Campeonato Brasileiro Série A,Grêmio FBPA,Inter,0.2541,0.2187,0.5272,0.1968,0.2013,0.6019,A,False
2026-10-11,22:30,Campeonato Brasileiro Série A,EC Bahia,Mirassol,0.4308,0.2461,0.3231,0.4139,0.3238,0.2623,H,False
